--
-- PostgreSQL database dump
--

-- Dumped from database version 12.22 (Ubuntu 12.22-0ubuntu0.20.04.4)
-- Dumped by pg_dump version 12.22 (Ubuntu 12.22-0ubuntu0.20.04.4)

SET statement_timeout = 0;
SET lock_timeout = 0;
SET idle_in_transaction_session_timeout = 0;
SET client_encoding = 'UTF8';
SET standard_conforming_strings = on;
SELECT pg_catalog.set_config('search_path', '', false);
SET check_function_bodies = false;
SET xmloption = content;
SET client_min_messages = warning;
SET row_security = off;

DROP DATABASE universe;
--
-- Name: universe; Type: DATABASE; Schema: -; Owner: freecodecamp
--

CREATE DATABASE universe WITH TEMPLATE = template0 ENCODING = 'UTF8' LC_COLLATE = 'C.UTF-8' LC_CTYPE = 'C.UTF-8';


ALTER DATABASE universe OWNER TO freecodecamp;

\connect universe

SET statement_timeout = 0;
SET lock_timeout = 0;
SET idle_in_transaction_session_timeout = 0;
SET client_encoding = 'UTF8';
SET standard_conforming_strings = on;
SELECT pg_catalog.set_config('search_path', '', false);
SET check_function_bodies = false;
SET xmloption = content;
SET client_min_messages = warning;
SET row_security = off;

SET default_tablespace = '';

SET default_table_access_method = heap;

--
-- Name: employees; Type: TABLE; Schema: public; Owner: freecodecamp
--

CREATE TABLE public.employees (
    employees_id integer NOT NULL,
    name character varying(100) NOT NULL,
    filler text,
    filler2 text
);


ALTER TABLE public.employees OWNER TO freecodecamp;

--
-- Name: employees_id_seq; Type: SEQUENCE; Schema: public; Owner: freecodecamp
--

ALTER TABLE public.employees ALTER COLUMN employees_id ADD GENERATED BY DEFAULT AS IDENTITY (
    SEQUENCE NAME public.employees_id_seq
    START WITH 1
    INCREMENT BY 1
    NO MINVALUE
    NO MAXVALUE
    CACHE 1
);


--
-- Name: galaxy; Type: TABLE; Schema: public; Owner: freecodecamp
--

CREATE TABLE public.galaxy (
    galaxy_id integer NOT NULL,
    name character varying(50) NOT NULL,
    mood integer DEFAULT 0,
    weekdays integer DEFAULT 7,
    filler text,
    filler2 text,
    filler3 text
);


ALTER TABLE public.galaxy OWNER TO freecodecamp;

--
-- Name: galaxy_id_seq; Type: SEQUENCE; Schema: public; Owner: freecodecamp
--

ALTER TABLE public.galaxy ALTER COLUMN galaxy_id ADD GENERATED BY DEFAULT AS IDENTITY (
    SEQUENCE NAME public.galaxy_id_seq
    START WITH 1
    INCREMENT BY 1
    NO MINVALUE
    NO MAXVALUE
    CACHE 1
);


--
-- Name: moon; Type: TABLE; Schema: public; Owner: freecodecamp
--

CREATE TABLE public.moon (
    moon_id integer NOT NULL,
    name character varying(50) NOT NULL,
    planet_id integer,
    filler text,
    filler2 text,
    filler3 text
);


ALTER TABLE public.moon OWNER TO freecodecamp;

--
-- Name: moon_id_seq; Type: SEQUENCE; Schema: public; Owner: freecodecamp
--

ALTER TABLE public.moon ALTER COLUMN moon_id ADD GENERATED BY DEFAULT AS IDENTITY (
    SEQUENCE NAME public.moon_id_seq
    START WITH 1
    INCREMENT BY 1
    NO MINVALUE
    NO MAXVALUE
    CACHE 1
);


--
-- Name: planet; Type: TABLE; Schema: public; Owner: freecodecamp
--

CREATE TABLE public.planet (
    planet_id integer NOT NULL,
    name character varying(50) NOT NULL,
    earthquakes numeric DEFAULT 0,
    star_id integer,
    filler text,
    filler2 text,
    filler3 text
);


ALTER TABLE public.planet OWNER TO freecodecamp;

--
-- Name: planet_id_seq; Type: SEQUENCE; Schema: public; Owner: freecodecamp
--

ALTER TABLE public.planet ALTER COLUMN planet_id ADD GENERATED BY DEFAULT AS IDENTITY (
    SEQUENCE NAME public.planet_id_seq
    START WITH 1
    INCREMENT BY 1
    NO MINVALUE
    NO MAXVALUE
    CACHE 1
);


--
-- Name: star; Type: TABLE; Schema: public; Owner: freecodecamp
--

CREATE TABLE public.star (
    star_id integer NOT NULL,
    name character varying(50) NOT NULL,
    description text,
    supernovad boolean DEFAULT false,
    twinkles boolean DEFAULT false,
    galaxy_id integer,
    filler text,
    filler2 text,
    filler3 text
);


ALTER TABLE public.star OWNER TO freecodecamp;

--
-- Name: star_id_seq; Type: SEQUENCE; Schema: public; Owner: freecodecamp
--

ALTER TABLE public.star ALTER COLUMN star_id ADD GENERATED BY DEFAULT AS IDENTITY (
    SEQUENCE NAME public.star_id_seq
    START WITH 1
    INCREMENT BY 1
    NO MINVALUE
    NO MAXVALUE
    CACHE 1
);


--
-- Data for Name: employees; Type: TABLE DATA; Schema: public; Owner: freecodecamp
--

INSERT INTO public.employees VALUES (1, 'bob', 'No description provided', 'No description provided');
INSERT INTO public.employees VALUES (2, 'bobb', 'No description provided', 'No description provided');
INSERT INTO public.employees VALUES (3, 'bbob', 'No description provided', 'No description provided');


--
-- Data for Name: galaxy; Type: TABLE DATA; Schema: public; Owner: freecodecamp
--

INSERT INTO public.galaxy VALUES (1, 'milky way', 0, 7, NULL, 'No description provided', NULL);
INSERT INTO public.galaxy VALUES (2, 'andromeda', 0, 7, NULL, 'No description provided', NULL);
INSERT INTO public.galaxy VALUES (3, 'sombrero', 0, 7, NULL, 'No description provided', NULL);
INSERT INTO public.galaxy VALUES (4, 'whirlpool', 0, 7, NULL, 'No description provided', NULL);
INSERT INTO public.galaxy VALUES (5, 'blackeye', 0, 7, NULL, 'No description provided', NULL);
INSERT INTO public.galaxy VALUES (6, 'cigargalaxy', 0, 7, NULL, 'No description provided', NULL);


--
-- Data for Name: moon; Type: TABLE DATA; Schema: public; Owner: freecodecamp
--

INSERT INTO public.moon VALUES (1, 'p1', 1, 'No description provided', 'No description provided', NULL);
INSERT INTO public.moon VALUES (2, 'p2', 2, 'No description provided', 'No description provided', NULL);
INSERT INTO public.moon VALUES (3, 'p3', 3, 'No description provided', 'No description provided', NULL);
INSERT INTO public.moon VALUES (4, 'p4', 4, 'No description provided', 'No description provided', NULL);
INSERT INTO public.moon VALUES (5, 'p5', 5, 'No description provided', 'No description provided', NULL);
INSERT INTO public.moon VALUES (6, 'p6', 6, 'No description provided', 'No description provided', NULL);
INSERT INTO public.moon VALUES (7, 'p7', 5, 'No description provided', 'No description provided', NULL);
INSERT INTO public.moon VALUES (8, 'p8', 4, 'No description provided', 'No description provided', NULL);
INSERT INTO public.moon VALUES (9, 'p9', 3, 'No description provided', 'No description provided', NULL);
INSERT INTO public.moon VALUES (10, 'p10', 2, 'No description provided', 'No description provided', NULL);
INSERT INTO public.moon VALUES (11, 'p11', 1, 'No description provided', 'No description provided', NULL);
INSERT INTO public.moon VALUES (12, 'p12', 2, 'No description provided', 'No description provided', NULL);
INSERT INTO public.moon VALUES (13, 'm13', 3, 'No description provided', 'No description provided', NULL);
INSERT INTO public.moon VALUES (14, 'm14', 4, 'No description provided', 'No description provided', NULL);
INSERT INTO public.moon VALUES (15, 'm15', 5, 'No description provided', 'No description provided', NULL);
INSERT INTO public.moon VALUES (16, 'm16', 6, 'No description provided', 'No description provided', NULL);
INSERT INTO public.moon VALUES (17, 'm17', 7, 'No description provided', 'No description provided', NULL);
INSERT INTO public.moon VALUES (18, 'm18', 8, 'No description provided', 'No description provided', NULL);
INSERT INTO public.moon VALUES (19, 'm19', 8, 'No description provided', 'No description provided', NULL);
INSERT INTO public.moon VALUES (20, 'm20', 7, 'No description provided', 'No description provided', NULL);


--
-- Data for Name: planet; Type: TABLE DATA; Schema: public; Owner: freecodecamp
--

INSERT INTO public.planet VALUES (1, 'p1', 0, 1, 'No description provided', 'No description provided', NULL);
INSERT INTO public.planet VALUES (2, 'p2', 0, 2, 'No description provided', 'No description provided', NULL);
INSERT INTO public.planet VALUES (3, 'p3', 0, 3, 'No description provided', 'No description provided', NULL);
INSERT INTO public.planet VALUES (4, 'p4', 0, 4, 'No description provided', 'No description provided', NULL);
INSERT INTO public.planet VALUES (5, 'p5', 0, 5, 'No description provided', 'No description provided', NULL);
INSERT INTO public.planet VALUES (6, 'p6', 0, 6, 'No description provided', 'No description provided', NULL);
INSERT INTO public.planet VALUES (7, 'p7', 0, 5, 'No description provided', 'No description provided', NULL);
INSERT INTO public.planet VALUES (8, 'p8', 0, 4, 'No description provided', 'No description provided', NULL);
INSERT INTO public.planet VALUES (9, 'p9', 0, 3, 'No description provided', 'No description provided', NULL);
INSERT INTO public.planet VALUES (10, 'p10', 0, 2, 'No description provided', 'No description provided', NULL);
INSERT INTO public.planet VALUES (11, 'p11', 0, 1, 'No description provided', 'No description provided', NULL);
INSERT INTO public.planet VALUES (12, 'p12', 0, 2, 'No description provided', 'No description provided', NULL);


--
-- Data for Name: star; Type: TABLE DATA; Schema: public; Owner: freecodecamp
--

INSERT INTO public.star VALUES (1, 'star1', NULL, false, false, 1, 'No description provided', 'No description provided', NULL);
INSERT INTO public.star VALUES (2, 'star2', NULL, false, false, 2, 'No description provided', 'No description provided', NULL);
INSERT INTO public.star VALUES (3, 'sstar3', NULL, false, false, 3, 'No description provided', 'No description provided', NULL);
INSERT INTO public.star VALUES (4, 'start4', NULL, false, false, 4, 'No description provided', 'No description provided', NULL);
INSERT INTO public.star VALUES (5, 'start5', NULL, false, false, 5, 'No description provided', 'No description provided', NULL);
INSERT INTO public.star VALUES (6, 'star6', NULL, false, false, 6, 'No description provided', 'No description provided', NULL);


--
-- Name: employees_id_seq; Type: SEQUENCE SET; Schema: public; Owner: freecodecamp
--

SELECT pg_catalog.setval('public.employees_id_seq', 3, true);


--
-- Name: galaxy_id_seq; Type: SEQUENCE SET; Schema: public; Owner: freecodecamp
--

SELECT pg_catalog.setval('public.galaxy_id_seq', 6, true);


--
-- Name: moon_id_seq; Type: SEQUENCE SET; Schema: public; Owner: freecodecamp
--

SELECT pg_catalog.setval('public.moon_id_seq', 23, true);


--
-- Name: planet_id_seq; Type: SEQUENCE SET; Schema: public; Owner: freecodecamp
--

SELECT pg_catalog.setval('public.planet_id_seq', 12, true);


--
-- Name: star_id_seq; Type: SEQUENCE SET; Schema: public; Owner: freecodecamp
--

SELECT pg_catalog.setval('public.star_id_seq', 6, true);


--
-- Name: employees employees_pkey; Type: CONSTRAINT; Schema: public; Owner: freecodecamp
--

ALTER TABLE ONLY public.employees
    ADD CONSTRAINT employees_pkey PRIMARY KEY (employees_id);


--
-- Name: galaxy galaxy_pkey; Type: CONSTRAINT; Schema: public; Owner: freecodecamp
--

ALTER TABLE ONLY public.galaxy
    ADD CONSTRAINT galaxy_pkey PRIMARY KEY (galaxy_id);


--
-- Name: moon moon_pkey; Type: CONSTRAINT; Schema: public; Owner: freecodecamp
--

ALTER TABLE ONLY public.moon
    ADD CONSTRAINT moon_pkey PRIMARY KEY (moon_id);


--
-- Name: planet planet_pkey; Type: CONSTRAINT; Schema: public; Owner: freecodecamp
--

ALTER TABLE ONLY public.planet
    ADD CONSTRAINT planet_pkey PRIMARY KEY (planet_id);


--
-- Name: star star_pkey; Type: CONSTRAINT; Schema: public; Owner: freecodecamp
--

ALTER TABLE ONLY public.star
    ADD CONSTRAINT star_pkey PRIMARY KEY (star_id);


--
-- Name: employees unique_emp_name; Type: CONSTRAINT; Schema: public; Owner: freecodecamp
--

ALTER TABLE ONLY public.employees
    ADD CONSTRAINT unique_emp_name UNIQUE (name);


--
-- Name: galaxy unique_galaxy_name; Type: CONSTRAINT; Schema: public; Owner: freecodecamp
--

ALTER TABLE ONLY public.galaxy
    ADD CONSTRAINT unique_galaxy_name UNIQUE (name);


--
-- Name: moon unique_moon_name; Type: CONSTRAINT; Schema: public; Owner: freecodecamp
--

ALTER TABLE ONLY public.moon
    ADD CONSTRAINT unique_moon_name UNIQUE (name);


--
-- Name: planet unique_planet_name; Type: CONSTRAINT; Schema: public; Owner: freecodecamp
--

ALTER TABLE ONLY public.planet
    ADD CONSTRAINT unique_planet_name UNIQUE (name);


--
-- Name: star unique_star_name; Type: CONSTRAINT; Schema: public; Owner: freecodecamp
--

ALTER TABLE ONLY public.star
    ADD CONSTRAINT unique_star_name UNIQUE (name);


--
-- Name: star fk_galaxy; Type: FK CONSTRAINT; Schema: public; Owner: freecodecamp
--

ALTER TABLE ONLY public.star
    ADD CONSTRAINT fk_galaxy FOREIGN KEY (galaxy_id) REFERENCES public.galaxy(galaxy_id);


--
-- Name: moon fk_planet; Type: FK CONSTRAINT; Schema: public; Owner: freecodecamp
--

ALTER TABLE ONLY public.moon
    ADD CONSTRAINT fk_planet FOREIGN KEY (planet_id) REFERENCES public.planet(planet_id);


--
-- Name: planet fk_star; Type: FK CONSTRAINT; Schema: public; Owner: freecodecamp
--

ALTER TABLE ONLY public.planet
    ADD CONSTRAINT fk_star FOREIGN KEY (star_id) REFERENCES public.star(star_id);


--
-- PostgreSQL database dump complete
--

